<?xml version="1.0"?><x:xmpmeta xmlns:x="adobe:ns:meta/" x:xmptk="Adobe XMP Core 6.2.9.B001"><rdf:RDF xmlns:rdf="http://www.w3.org/1999/02/22-rdf-syntax-ns#"><rdf:Description rdf:about="" xmlns:exif="http://ns.adobe.com/exif/1.0/" xmlns:tiff="http://ns.adobe.com/tiff/1.0/" xmlns:dam="http://www.day.com/dam/1.0" xmlns:dc="http://purl.org/dc/elements/1.1/" xmlns:photoshop="http://ns.adobe.com/photoshop/1.0/" exif:ColorSpace="1" exif:ExifVersion="0221" exif:FlashpixVersion="0100" exif:PixelXDimension="1920" exif:PixelYDimension="399" exif:SceneCaptureType="0" tiff:Orientation="1" tiff:ResolutionUnit="2" tiff:XResolution="72/1" tiff:YCbCrPositioning="1" tiff:YResolution="72/1" tiff:ImageWidth="1920" tiff:ImageLength="399" dam:Physicalwidthindpi="72" dam:MIMEtype="image/jpeg" dam:Physicalheightininches="5.541666507720947" dam:Physicalheightindpi="72" dam:Physicalwidthininches="26.66666603088379" dam:Bitsperpixel="24" dam:Progressive="no" dam:size="303444" dam:Numberoftextualcomments="0" dam:sha1="cff292bfe9158ba1745fe32d89ba55a0bfbb71ee" dam:Numberofimages="1" dam:Fileformat="JPEG" dc:format="image/jpeg"><exif:ComponentsConfiguration><rdf:Seq><rdf:li>1</rdf:li><rdf:li>2</rdf:li><rdf:li>3</rdf:li><rdf:li>0</rdf:li></rdf:Seq></exif:ComponentsConfiguration><tiff:BitsPerSample><rdf:Seq><rdf:li>8</rdf:li><rdf:li>8</rdf:li><rdf:li>8</rdf:li></rdf:Seq></tiff:BitsPerSample><photoshop:ColorMode>3</photoshop:ColorMode></rdf:Description></rdf:RDF></x:xmpmeta>